Designator,Footprint,Quantity,Value,LCSC Part #
C1,CP_Radial_D10.0mm_P2.50mm_P5.00mm,1,CP,
"C2, C5, C6",C_0603_1608Metric_Pad1.08x0.95mm_HandSolder,3,0.1uF,
C3,C_0603_1608Metric_Pad1.08x0.95mm_HandSolder,1,100uF,
"C4, C7",C_0603_1608Metric_Pad1.08x0.95mm_HandSolder,2,0.47uF,
"D1, D2",D_SMA,2,M7,
"D3, D4, D5",LED_0603_1608Metric_Pad1.05x0.95mm_HandSolder,3,LED,
"H1, H2, H3, H4",MountingHole_3.2mm_M3_ISO14580,4,M3,
J1,BarrelJack_Horizontal,1,Barrel_Jack_Switch,
J2,PinHeader_1x03_P2.54mm_Vertical,1,PROBE,
J3,PinHeader_1x04_P2.54mm_Vertical,1,SWIM,
"J4, J5",PinHeader_1x02_P2.54mm_Vertical,2,Conn_01x02,
J6,PinHeader_1x03_P2.54mm_Vertical,1,Conn_01x03,
K1,Relay_SPDT_SANYOU_SRD_Series_Form_C,1,SRA-12VDC-AL,
Q1,SOT-23,1,S8050,
R1,R_0805_2012Metric,1,10R,
"R10, R4, R9",R_0603_1608Metric_Pad0.98x0.95mm_HandSolder,3,1K,
R2,R_0603_1608Metric_Pad0.98x0.95mm_HandSolder,1,2K,
R3,R_0603_1608Metric_Pad0.98x0.95mm_HandSolder,1,10K,
"R5, R6, R8",R_0603_1608Metric_Pad0.98x0.95mm_HandSolder,3,200R,
R7,R_0603_1608Metric_Pad0.98x0.95mm_HandSolder,1,20K,
SW1,SW_DIP_SPSTx01_Slide_6.7x4.1mm_W6.73mm_P2.54mm_LowProfile_JPin,1,+,
SW2,SW_DIP_SPSTx01_Slide_6.7x4.1mm_W6.73mm_P2.54mm_LowProfile_JPin,1,SET,
SW3,SW_DIP_SPSTx01_Slide_6.7x4.1mm_W6.73mm_P2.54mm_LowProfile_JPin,1,-,
U1,TO-252-3_TabPin2,1,AMS1117-5.0,
U2,TSSOP-20_4.4x6.5mm_P0.65mm,1,STM8S003F3P,
U3,CA56-12SEKWA,1,CA56-12SEKWA,
